-- MySQL Script generated by MySQL Workbench
-- Thu Nov  3 02:52:24 2022
-- Model: New Model    Version: 1.0
-- MySQL Workbench Forward Engineering

SET @OLD_UNIQUE_CHECKS=@@UNIQUE_CHECKS, UNIQUE_CHECKS=0;
SET @OLD_FOREIGN_KEY_CHECKS=@@FOREIGN_KEY_CHECKS, FOREIGN_KEY_CHECKS=0;
SET @OLD_SQL_MODE=@@SQL_MODE, SQL_MODE='ONLY_FULL_GROUP_BY,STRICT_TRANS_TABLES,NO_ZERO_IN_DATE,NO_ZERO_DATE,ERROR_FOR_DIVISION_BY_ZERO,NO_ENGINE_SUBSTITUTION';

-- -----------------------------------------------------
-- Schema mobileStore
-- -----------------------------------------------------

-- -----------------------------------------------------
-- Schema mobileStore
-- -----------------------------------------------------
CREATE SCHEMA IF NOT EXISTS `mobileStore` DEFAULT CHARACTER SET utf8 ;
USE `mobileStore` ;

-- -----------------------------------------------------
-- Table `mobileStore`.`VendorContact`
-- -----------------------------------------------------
CREATE TABLE IF NOT EXISTS `mobileStore`.`VendorContact` (
  `idVendor` INT NOT NULL AUTO_INCREMENT,
  `Company` VARCHAR(45) NOT NULL,
  `Name` VARCHAR(45) NOT NULL,
  `Email` VARCHAR(45) NOT NULL,
  `Number` VARCHAR(45) NULL,
  PRIMARY KEY (`idVendor`),
  UNIQUE INDEX `idVendor_UNIQUE` (`idVendor` ASC) VISIBLE)
ENGINE = InnoDB;


-- -----------------------------------------------------
-- Table `mobileStore`.`MobileSeries`
-- -----------------------------------------------------
CREATE TABLE IF NOT EXISTS `mobileStore`.`MobileSeries` (
  `idMobileSeriesName` VARCHAR(10) NOT NULL,
  `Name` VARCHAR(45) NULL,
  `Vendor` INT NOT NULL,
  PRIMARY KEY (`idMobileSeriesName`, `Vendor`),
  INDEX `fk_MobileSeriesName_Vendor_idx` (`Vendor` ASC) VISIBLE,
  UNIQUE INDEX `idMobileSeriesName_UNIQUE` (`idMobileSeriesName` ASC) VISIBLE,
  CONSTRAINT `fk_MobileSeriesName_Vendor`
    FOREIGN KEY (`Vendor`)
    REFERENCES `mobileStore`.`VendorContact` (`idVendor`)
    ON DELETE NO ACTION
    ON UPDATE NO ACTION)
ENGINE = InnoDB;


-- -----------------------------------------------------
-- Table `mobileStore`.`Smartphone`
-- -----------------------------------------------------
CREATE TABLE IF NOT EXISTS `mobileStore`.`Smartphone` (
  `idPhone` VARCHAR(15) NOT NULL,
  `MobileSeries` VARCHAR(10) NOT NULL,
  `Model` VARCHAR(45) NOT NULL,
  `StorageSize` INT NULL,
  `RAM` ENUM('4 GB', '6 GB', '8 GB', '12 GB') NULL,
  `Color` ENUM('Beige', 'Black', 'Blue', 'Gold', 'Graphite', 'Gray', 'Green', 'Pink', 'Purple', 'Red', 'Rose Gold', 'Silver', 'White') NULL,
  `DisplayType` VARCHAR(45) NULL,
  `DisplaySize` DECIMAL(3,2) NULL,
  `NumOfCameras` INT NULL,
  `BestCameraResolution` INT NULL,
  `Processor` VARCHAR(45) NULL,
  `Battery` INT NULL,
  `WirelessCharching` TINYINT NULL DEFAULT 1,
  `is5G` TINYINT NULL DEFAULT 1,
  `Price` INT NOT NULL,
  PRIMARY KEY (`idPhone`, `MobileSeries`),
  INDEX `fk_Smartphone_MobileSeries1_idx` (`MobileSeries` ASC) VISIBLE,
  UNIQUE INDEX `idPhone_UNIQUE` (`idPhone` ASC) VISIBLE,
  CONSTRAINT `fk_Smartphone_MobileSeries1`
    FOREIGN KEY (`MobileSeries`)
    REFERENCES `mobileStore`.`MobileSeries` (`idMobileSeriesName`)
    ON DELETE NO ACTION
    ON UPDATE NO ACTION)
ENGINE = InnoDB;


-- -----------------------------------------------------
-- Table `mobileStore`.`CustomerBillingInfo`
-- -----------------------------------------------------
CREATE TABLE IF NOT EXISTS `mobileStore`.`CustomerBillingInfo` (
  `idCustomer` INT NOT NULL,
  `FirstName` VARCHAR(45) NULL,
  `LastName` VARCHAR(45) NULL,
  `Email` VARCHAR(45) NULL,
  `Phonenumber` VARCHAR(45) NULL,
  `City` VARCHAR(45) NULL,
  `Postcode` VARCHAR(10) NULL,
  `Adress` VARCHAR(255) NULL,
  PRIMARY KEY (`idCustomer`),
  UNIQUE INDEX `idCustomer_UNIQUE` (`idCustomer` ASC) VISIBLE)
ENGINE = InnoDB;


-- -----------------------------------------------------
-- Table `mobileStore`.`Stock`
-- -----------------------------------------------------
CREATE TABLE IF NOT EXISTS `mobileStore`.`Stock` (
  `IMEI` VARCHAR(15) NOT NULL,
  `MobileSeries` VARCHAR(10) NOT NULL,
  `Model` VARCHAR(15) NOT NULL,
  `isAvailable` TINYINT NOT NULL DEFAULT 1,
  PRIMARY KEY (`IMEI`, `MobileSeries`, `Model`),
  INDEX `fk_Stock_Smartphone1_idx` (`Model` ASC, `MobileSeries` ASC) VISIBLE,
  UNIQUE INDEX `IMEI_UNIQUE` (`IMEI` ASC) VISIBLE,
  CONSTRAINT `fk_Stock_Smartphone1`
    FOREIGN KEY (`Model` , `MobileSeries`)
    REFERENCES `mobileStore`.`Smartphone` (`idPhone` , `MobileSeries`)
    ON DELETE NO ACTION
    ON UPDATE NO ACTION)
ENGINE = InnoDB;


-- -----------------------------------------------------
-- Table `mobileStore`.`CustomerShippingInfo`
-- -----------------------------------------------------
CREATE TABLE IF NOT EXISTS `mobileStore`.`CustomerShippingInfo` (
  `idCustomer` INT NOT NULL,
  `FirstName` VARCHAR(45) NULL,
  `LastName` VARCHAR(45) NULL,
  `Email` VARCHAR(45) NULL,
  `Phonenumber` VARCHAR(45) NULL,
  `City` VARCHAR(45) NULL,
  `Postcode` VARCHAR(10) NULL,
  `Adress` VARCHAR(255) NULL,
  PRIMARY KEY (`idCustomer`),
  INDEX `fk_CustomerShippingInfo_CustomerBillingInfo1_idx` (`idCustomer` ASC) VISIBLE,
  CONSTRAINT `fk_CustomerShippingInfo_CustomerBillingInfo1`
    FOREIGN KEY (`idCustomer`)
    REFERENCES `mobileStore`.`CustomerBillingInfo` (`idCustomer`)
    ON DELETE NO ACTION
    ON UPDATE NO ACTION)
ENGINE = InnoDB;


-- -----------------------------------------------------
-- Table `mobileStore`.`ShopOrder`
-- -----------------------------------------------------
CREATE TABLE IF NOT EXISTS `mobileStore`.`ShopOrder` (
  `idOrder` INT NOT NULL,
  `CustomerID` INT NOT NULL,
  `Status` ENUM('New', 'In Progress', 'Completed') NULL,
  PRIMARY KEY (`idOrder`, `CustomerID`),
  INDEX `fk_Order_CustomerBillingInfo1_idx` (`CustomerID` ASC) VISIBLE,
  UNIQUE INDEX `idOrder_UNIQUE` (`idOrder` ASC) VISIBLE,
  CONSTRAINT `fk_Order_CustomerBillingInfo1`
    FOREIGN KEY (`CustomerID`)
    REFERENCES `mobileStore`.`CustomerBillingInfo` (`idCustomer`)
    ON DELETE NO ACTION
    ON UPDATE NO ACTION)
ENGINE = InnoDB;


-- -----------------------------------------------------
-- Table `mobileStore`.`Stock_has_Order`
-- -----------------------------------------------------
CREATE TABLE IF NOT EXISTS `mobileStore`.`Stock_has_Order` (
  `Stock_IMEI` VARCHAR(15) NOT NULL,
  `Stock_MobileSeries` VARCHAR(10) NOT NULL,
  `Stock_Model` VARCHAR(15) NOT NULL,
  `Order_idOrder` INT NOT NULL,
  PRIMARY KEY (`Stock_IMEI`, `Stock_MobileSeries`, `Stock_Model`, `Order_idOrder`),
  INDEX `fk_Stock_has_Order_Order1_idx` (`Order_idOrder` ASC) VISIBLE,
  INDEX `fk_Stock_has_Order_Stock1_idx` (`Stock_IMEI` ASC, `Stock_MobileSeries` ASC, `Stock_Model` ASC) VISIBLE,
  CONSTRAINT `fk_Stock_has_Order_Order1`
    FOREIGN KEY (`Order_idOrder`)
    REFERENCES `mobileStore`.`ShopOrder` (`idOrder`)
    ON DELETE NO ACTION
    ON UPDATE NO ACTION,
  CONSTRAINT `fk_Stock_has_Order_Stock1`
    FOREIGN KEY (`Stock_IMEI` , `Stock_MobileSeries` , `Stock_Model`)
    REFERENCES `mobileStore`.`Stock` (`IMEI` , `MobileSeries` , `Model`)
    ON DELETE NO ACTION
    ON UPDATE NO ACTION)
ENGINE = InnoDB;


SET SQL_MODE=@OLD_SQL_MODE;
SET FOREIGN_KEY_CHECKS=@OLD_FOREIGN_KEY_CHECKS;
SET UNIQUE_CHECKS=@OLD_UNIQUE_CHECKS;
INSERT INTO vendorcontact (Company, Name, Email, Number)
VALUES ("Apple","Anne Smith", "anne.smith@apple.com","517-226-1362"),
("Samsung","Sam Moore", "sam.moore@samsung.com","415-766-7096"),
("Xiaomi","Isabella Tucker", "isabella.tucker@xiamoi.com","843-613-0695");

INSERT INTO mobileseries (idMobileSeriesName, Name, Vendor)
VALUES ("GALAXYS", "Galaxy S", 2),
("GALAXYA", "Galaxy A", 2),
("GALAXYN", "Galaxy Note", 2),
("IPHONE14", "iPhone 14", 1),
("IPHONE13", "iPhone 13", 1),
("XIAOMI12", "Xiaomi 12", 3),
("XIAOMI11", "Xiaomi 11", 3);

INSERT INTO smartphone (idPhone, MobileSeries, Model,StorageSize,RAM, Color, DisplayType, DisplaySize, NumOfCameras, BestCameraResolution, Processor, Battery, Price)
VALUES 
("GS22Blck128", "GALAXYS", "Galaxy S22", 128, "8 GB", "Black", "Dynamic AMOLED 2X", 6.1, 4, 50,"Samsung Exynos 2200", 3700, 700 ),
("GS22Blck256", "GALAXYS", "Galaxy S22", 256, "8 GB", "Black", "Dynamic AMOLED 2X", 6.1, 4, 50,"Samsung Exynos 2200", 3700, 830 ),
("GS22Bl128", "GALAXYS", "Galaxy S22", 128, "8 GB", "Blue", "Dynamic AMOLED 2X", 6.1, 4, 50,"Samsung Exynos 2200", 3700, 700 ),
("GS22Bl256", "GALAXYS", "Galaxy S22", 256, "8 GB", "Blue", "Dynamic AMOLED 2X", 6.1, 4, 50,"Samsung Exynos 2200", 3700, 830 ),
("GS22Wht128", "GALAXYS", "Galaxy S22", 128, "8 GB", "White", "Dynamic AMOLED 2X", 6.1, 4, 50,"Samsung Exynos 2200", 3700, 700 ),
("GS22Wht256", "GALAXYS", "Galaxy S22", 256, "8 GB", "White", "Dynamic AMOLED 2X", 6.1, 4, 50,"Samsung Exynos 2200", 3700, 830 ),
("GS22+Blck128", "GALAXYS", "Galaxy S22+", 128, "8 GB", "Black", "Dynamic AMOLED 2X", 6.6, 4, 50,"Samsung Exynos 2200", 4500, 920 ),
("GS22+Blck256", "GALAXYS", "Galaxy S22+", 256, "8 GB", "Black", "Dynamic AMOLED 2X", 6.6, 4, 50,"Samsung Exynos 2200", 4500, 1100 ),
("GS22+Grn128", "GALAXYS", "Galaxy S22+", 128, "8 GB", "Green", "Dynamic AMOLED 2X", 6.6, 4, 50,"Samsung Exynos 2200", 4500, 920 ),
("GS22+Grn256", "GALAXYS", "Galaxy S22+", 256, "8 GB", "Green", "Dynamic AMOLED 2X", 6.6, 4, 50,"Samsung Exynos 2200", 4500, 1100 ),
("GS22+Wht128", "GALAXYS", "Galaxy S22+", 128, "8 GB", "White", "Dynamic AMOLED 2X", 6.6, 4, 50,"Samsung Exynos 2200", 4500, 920 ),
("GS22+Wht256", "GALAXYS", "Galaxy S22+", 256, "8 GB", "White", "Dynamic AMOLED 2X", 6.6, 4, 50,"Samsung Exynos 2200", 4500, 1100),
("GA53Blck128", "GALAXYA", "Galaxy A53", 128, "6 GB", "Black", "Super AMOLED", 6.5, 4, 64,"Samsung Exynos 1280", 5000, 450 ),
("IP14Prpl512", "IPHONE14", "iPhone 14", 512, "4 GB", "Purple", "Super Retina XDR OLED", 6.1, 2, 12,"Apple A15 Bionic", 3279, 850 ),
("IP14PMWht512", "IPHONE14", "iPhone 14 Pro Max", 512, "4 GB", "White", "Super Retina XDR OLED", 6.7, 3, 48,"Apple A16 Bionic", 4323, 1200 ),
("IP13Red256", "IPHONE13", "iPhone 13", 256, "6 GB", "Red", "Super Retina XDR OLED", 6.1, 2, 12,"Apple A15 Bionic", 3240, 860 ),
("IP13MBg128", "IPHONE13", "iPhone 13 Mini", 128, "6 GB", "Beige", "Super Retina XDR OLED", 5.4, 2, 12,"Apple A15 Bionic", 2438, 650 ),
("XM12PGld256", "XIAOMI12", "Xiaomi 12 Pro", 256, "12 GB", "Gold", "LTPO AMOLED", 6.73, 3, 50,"Qualcomm Snapdragon 8 Gen 1", 4600, 990 ),
("XM12TBl256", "XIAOMI12", "Xiaomi 12T", 256, "8 GB", "Blue", "LTPO AMOLED", 6.67, 3, 108,"Qualcomm Snapdragon 8 Gen 1", 5000, 600 ),
("XM11Wht256", "XIAOMI11", "Xiaomi 11", 256, "8 GB", "White", "LTPO AMOLED", 6.81, 3, 108,"Qualcomm Snapdragon 8 Gen 1", 4600, 500 ),
("XM11TPBl128", "XIAOMI11", "Xiaomi 11T Pro", 128, "8 GB", "Blue", "LTPO AMOLED", 6.67, 3, 108,"Qualcomm Snapdragon 888", 5000, 490 );

INSERT INTO smartphone (idPhone, MobileSeries, Model,StorageSize,RAM, Color, DisplayType, DisplaySize, NumOfCameras, BestCameraResolution, Processor, Battery, is5G, Price)
VALUES 
("GN20Gry256", "GALAXYN", "Galaxy Note 20", 256, "8 GB", "Gray", "Super AMOLED Plus", 6.7, 3, 64,"Samsung Exynos 990", 4300, 0, 750 );

INSERT INTO stock (IMEI, MobileSeries, Model)
VALUES 
("354791647995139", "GALAXYS", "GS22Blck128"),
("354791641650714", "GALAXYS", "GS22Blck128"),
("354791643328657", "GALAXYS", "GS22Blck128"),
("355362118403554", "GALAXYS","GS22Blck256"),
("355362119128465", "GALAXYS","GS22Blck256"),
("355362111556929", "GALAXYS", "GS22Wht256" ),
("351397292275067", "GALAXYS", "GS22Wht256" ),
("351397291519010", "GALAXYS", "GS22Wht256" ),
("350183779446863", "GALAXYS", "GS22Wht256" ),
("355698553986854", "GALAXYS", "GS22+Blck128"),
("353972774075374", "GALAXYS", "GS22+Blck128"),
("351128470254808", "GALAXYS", "GS22+Blck128"),
("356470475968747", "GALAXYS", "GS22+Blck256" ),
("356364668521725", "GALAXYS", "GS22+Blck256" ),
("357693479505868", "GALAXYS", "GS22+Blck256" ),
("351173763863909", "GALAXYS","GS22+Grn128"),
("354047654707089", "GALAXYS","GS22+Grn128"),
("358662670397122", "GALAXYS","GS22+Grn256"),
("358716743407334", "GALAXYS","GS22+Grn256"),
("357370181105775", "GALAXYS", "GS22+Wht128"),
("354355287579536", "GALAXYS", "GS22+Wht128"),
("358369974997386", "GALAXYS", "GS22+Wht128"),
("358419257328024", "GALAXYS", "GS22+Wht256"),
("351963579178864", "GALAXYS", "GS22+Wht256"),
("356886522939676", "GALAXYA", "GA53Blck128"),
("013491649514069", "IPHONE14","IP14Prpl512" ),
("013834476791138", "IPHONE14","IP14Prpl512" ),
("013140067003955", "IPHONE14","IP14Prpl512" ),
("013324907968926", "IPHONE14", "IP14PMWht512"),
("012365060265600", "IPHONE14", "IP14PMWht512"),
("016011452557290", "IPHONE13",  "IP13Red256"),
("015392390855595", "IPHONE13",  "IP13Red256"),
("018041500984432", "IPHONE13",  "IP13Red256"),
("012467019896130", "IPHONE13", "IP13MBg128" ),
("868426265287986", "XIAOMI12", "XM12PGld256" ),
("863024911623239", "XIAOMI12", "XM12PGld256" ),
("867895712634129", "XIAOMI12", "XM12PGld256" ),
("865460026788757", "XIAOMI12", "XM12TBl256" ),
("868063233139447", "XIAOMI12", "XM12TBl256" ),
("861002333254414", "XIAOMI11", "XM11Wht256" ),
("862445426833138", "XIAOMI11", "XM11Wht256" ),
("867206962312040", "XIAOMI11", "XM11TPBl128");

INSERT INTO stock (IMEI, MobileSeries, Model,isAvailable)
VALUES
("351173763863908", "GALAXYS", "GS22Bl128",0),
("358662670397111", "GALAXYS", "GS22Bl128",0),
("358716743407330", "GALAXYS","GS22Bl256",0 ),
("354355289579536", "GALAXYS","GS22Wht128",0 ),
("353820325573231", "GALAXYS", "GS22+Blck128",0),
("018651534309786", "IPHONE13", "IP13MBg128",0 ),
("015207427494035", "IPHONE13", "IP13MBg128",0 ),
("863716873619389", "XIAOMI11", "XM11TPBl128",0),
("861129960470680", "XIAOMI11", "XM11TPBl128",0),
("865993928034948", "XIAOMI11", "XM11TPBl128",0);

INSERT INTO shoporder (idOrder, CustomerID, Status)
VALUES
(101,87230,"Completed"),
(102,73854,"Completed"),
(103, 93274, "In Progress"),
(104, 88196, "In Progress"),
(105,87230,"New"); 

INSERT INTO stock_has_order (Stock_IMEI, Stock_MobileSeries, Stock_Model, Order_idOrder)
VALUES
("353820325573231",  "GALAXYS", "GS22+Blck128", 101),
("351173763863908", "GALAXYS", "GS22Bl128",102),
("358662670397111", "GALAXYS", "GS22Bl128",102),
("358716743407330", "GALAXYS","GS22Bl256",102),
("861129960470680", "XIAOMI11", "XM11TPBl128",103),
("865993928034948", "XIAOMI11", "XM11TPBl128",103),
("354355289579536", "GALAXYS","GS22Wht128",104 ),
("015207427494035", "IPHONE13", "IP13MBg128",104 ),
("863716873619389", "XIAOMI11", "XM11TPBl128",105),
("018651534309786", "IPHONE13", "IP13MBg128",105);

INSERT INTO customershippinginfo (idCustomer, FirstName, LastName,Email,Phonenumber,City,Postcode, Adress)
VALUES
(87230, "Charles", "White","chwhite@gmail.com", "580-277-7904","Ardmore","73401", "1293 Cody Ridge Road"),
(73854,"Robert", "Davis", "robdavis@gmail.com","919-291-0728","Raleigh", "27608", "3694 Dola Mine Road"),
(93274, "Ralph", "Evans", "r.evans@gmail.com","610-504-4162", "Kecksburg", "15666", "446 Stuart Street"),
(88196, "Steve", "Brown","steve.brown@gmail.com","610-420-7271", "Norristown", "19403", "2808 Horseshoe Lane");

INSERT INTO customerbillinginfo (idCustomer, FirstName, LastName,Email,Phonenumber,City,Postcode, Adress)
VALUES
(87230, "Isabelle", "White","isa.white@gmail.com", "860-849-9517","Ardmore","73401", "1293 Cody Ridge Road"),
(73854,"Robert", "Davis", "robdavis@gmail.com","919-291-0728","Raleigh", "27608", "3694 Dola Mine Road"),
(93274, "Ralph", "Evans", "r.evans@gmail.com","610-504-4162", "Kecksburg", "15666", "446 Stuart Street"),
(88196, "Bob", "Smith","bobsmith@gmail.com","724-502-3164", "Gibsonia", "15044", "1577 Stuart Street");